Project;ncommits;nauthors;from;to;nstars;nforks;lastGHCommitDate;LongestGapStart (YYYY-MM);LongestGapEnd (YYYY-MM);LongestGapLength;NumCommitsAfterLastGap;ActivityPattern;NumberOfGapsInTimeline;BeforeThemes;AfterThemes;HypothesizedGapReason;HasRecovered;WhyRecovered;WhoRecovered;Currentstatus;RecentThemes;Notes
exascaleinfolab_vadetis;601;5;1575231022;1735923336;2;2;2025/01/03;2021-08;2024-12;41;2;irregular;3;Documentation updates:Dependency updates;Documentation updates:Other;"DRAFT - verify on GitHub: 41-month gap 2021-08 to 2024-12; last commits before gap were mostly ""Documentation updates"" (e.g. ""Update README.md"")";Yes;"DRAFT - after gap commits are mostly ""Documentation updates"" (e.g. ""Update README.md"")";New people;Inactive;Documentation updates:Other;"exascaleinfolab_vadetis: 601 commits, 5 authors, pattern irregular. Longest gap 41 months (2021-08 to 2024-12); 3 gap(s) of 3+ months. Before gap: Documentation updates:Dependency updates; after: Documentation updates:Other. Status: Inactive."
facebookresearch_faiss;8132;545;1486981282;1762613210;41116;4552;2026/10/08;2019-07;2019-07;1;7411;rising;0;Other:Feature development;Documentation updates:Other;N/A active Project;N/A;"DRAFT - after gap commits are mostly ""Documentation updates"" (e.g. ""Fix depend include in Makefile"")";Same people;Active;Feature development:Documentation updates;"facebookresearch_faiss: 8132 commits, 545 authors, pattern rising. Longest gap 1 months (2019-07 to 2019-07); 0 gap(s) of 3+ months. Before gap: Other:Feature development; after: Documentation updates:Other. Status: Active."
gboeing_pynamical;320;6;1463444619;1754416460;678;116;2025/04/18;2022-06;2025-03;34;15;irregular;8;Release:Other;Feature development:Release;"DRAFT - verify on GitHub: 34-month gap 2022-06 to 2025-03; last commits before gap were mostly ""Release"" (e.g. ""Merge pull request #7 from gboeing/release

update env for v0.3.2"")";Yes;"DRAFT - after gap commits are mostly ""Feature development"" (e.g. ""update date"")";Same people;Active;Feature development:Release;"gboeing_pynamical: 320 commits, 6 authors, pattern irregular. Longest gap 34 months (2022-06 to 2025-03); 8 gap(s) of 3+ months. Before gap: Release:Other; after: Feature development:Release. Status: Active."
gems-uff_noworkflow;1010;37;1378416490;1761614181;127;38;2026/09/23;2018-08;2019-03;8;383;irregular;8;Feature development:Bug fixes;Feature development:Other;"DRAFT - verify on GitHub: 8-month gap 2018-08 to 2019-03; last commits before gap were mostly ""Feature development"" (e.g. ""start to use clusterizer to export PROV graph"")";Yes;"DRAFT - after gap commits are mostly ""Feature development"" (e.g. ""Add command to import content database"")";New people;Active;Other:Bug fixes;"gems-uff_noworkflow: 1010 commits, 37 authors, pattern irregular. Longest gap 8 months (2018-08 to 2019-03); 8 gap(s) of 3+ months. Before gap: Feature development:Bug fixes; after: Feature development:Other. Status: Active."
mjwoods_rnetcdf;1318;13;1316100369;1745927987;24;10;2026/08/02;2011-10;2014-12;39;1316;irregular;5;Bug fixes:Other;Release:Other;"DRAFT - verify on GitHub: 39-month gap 2011-10 to 2014-12; last commits before gap were mostly ""Bug fixes"" (e.g. ""small themeroot fix

git-svn-id: svn://r-forge.r-project.org/svnroot/r"")";Yes;"DRAFT - after gap commits are mostly ""Release"" (e.g. ""RNetCDF release 1.0-3


git-svn-id: svn+ssh://r-forge.r-project.org/sv"")";New people;Active;Feature development:Bug fixes;"mjwoods_rnetcdf: 1318 commits, 13 authors, pattern irregular. Longest gap 39 months (2011-10 to 2014-12); 5 gap(s) of 3+ months. Before gap: Bug fixes:Other; after: Release:Other. Status: Active."
pnnl_isicle;1139;18;1527701370;1746225178;64;22;2025/05/02;2020-05;2020-09;5;794;steady;1;Other:Feature development;Feature development:Other;"DRAFT - verify on GitHub: 5-month gap 2020-05 to 2020-09; last commits before gap were mostly ""Other"" (e.g. ""conform to latest snakemake api"")";Yes;"DRAFT - after gap commits are mostly ""Feature development"" (e.g. ""Prepares repository for v2.0 refactor
Removes legacy code and establis"")";Same people;Active;Bug fixes:Feature development;"pnnl_isicle: 1139 commits, 18 authors, pattern steady. Longest gap 5 months (2020-05 to 2020-09); 1 gap(s) of 3+ months. Before gap: Other:Feature development; after: Feature development:Other. Status: Active."
r-spatial_spdep;815;23;1509538307;1776943734;151;28;2026/09/07;2019-11;2020-01;3;599;steady;1;Other:Bug fixes;Documentation updates:Bug fixes;"DRAFT - verify on GitHub: 3-month gap 2019-11 to 2020-01; last commits before gap were mostly ""Other"" (e.g. ""subset.nb: Also subset IDs in names attribute

When using IDs in an nb"")";Yes;"DRAFT - after gap commits are mostly ""Documentation updates"" (e.g. ""updated urls"")";Same people;Active;Feature development:Documentation updates;"r-spatial_spdep: 815 commits, 23 authors, pattern steady. Longest gap 3 months (2019-11 to 2020-01); 1 gap(s) of 3+ months. Before gap: Other:Bug fixes; after: Documentation updates:Bug fixes. Status: Active."
ropensci_datapackager;741;23;1421262787;1765177250;156;19;2025/12/08;2022-08;2024-02;19;240;irregular;9;Release:Bug fixes;Release:Documentation updates;"DRAFT - verify on GitHub: 19-month gap 2022-08 to 2024-02; last commits before gap were mostly ""Release"" (e.g. ""prep for release"")";Yes;"DRAFT - after gap commits are mostly ""Release"" (e.g. ""roxygen2 pkg doc fix, see r-lib/roxygen2#1491"")";New people;Active;Release:Other;"ropensci_datapackager: 741 commits, 23 authors, pattern irregular. Longest gap 19 months (2022-08 to 2024-02); 9 gap(s) of 3+ months. Before gap: Release:Bug fixes; after: Release:Documentation updates. Status: Active."
sasview_sasview;20395;184;1187724375;1762299203;79;51;2026/10/08;2013-05;2013-07;3;15192;rising;1;Other:Documentation updates;Other:Documentation updates;"DRAFT - verify on GitHub: 3-month gap 2013-05 to 2013-07; last commits before gap were mostly ""Other"" (e.g. ""minor change : remove raise on full_drawing"")";Yes;"DRAFT - after gap commits are mostly ""Other"" (e.g. ""Add project settings"")";New people;Active;Feature development:Documentation updates;"sasview_sasview: 20395 commits, 184 authors, pattern rising. Longest gap 3 months (2013-05 to 2013-07); 1 gap(s) of 3+ months. Before gap: Other:Documentation updates; after: Other:Documentation updates. Status: Active."
svalorzen_ai-toolbox;1901;15;1383691768;1742777074;671;102;2025/03/18;2024-02;2025-02;13;3;irregular;4;Dependency updates:Documentation updates;Feature development:Bug fixes;"DRAFT - verify on GitHub: 13-month gap 2024-02 to 2025-02; last commits before gap were mostly ""Dependency updates"" (e.g. ""Merge e0aedb44e2342c6a55bf34006e00ea54273930fe into 9314b92b50eaac47c1"")";Yes;"DRAFT - after gap commits are mostly ""Feature development"" (e.g. ""fix: remove now unsupported python 2 from GH Actions"")";Same people;Inactive;Feature development:Dependency updates;"svalorzen_ai-toolbox: 1901 commits, 15 authors, pattern irregular. Longest gap 13 months (2024-02 to 2025-02); 4 gap(s) of 3+ months. Before gap: Dependency updates:Documentation updates; after: Feature development:Bug fixes. Status: Inactive."
